experiment_id	timestamp	metric_type	model_description	n_features	mean_oos_r2	stability	adjusted_r2	interpretability	composite	elapsed_s	status
baseline	2026-03-16T16:30:50.259159+00:00	evRev	Baseline OLS: growth_pct -> valuation_multiple	1	0.011745	0.399893	0.016871	0.500000	0.183045	0.0	improved
exp_20260316_163245_0e8916	2026-03-16T16:32:45.232556+00:00	evRev	N/A	0	0.000000	0.000000	0.000000	0.000000	0.000000	0.0	error
exp_20260316_163329_0d103b	2026-03-16T16:33:29.100198+00:00	evRev	N/A	0	0.000000	0.000000	0.000000	0.000000	0.000000	0.0	error
exp_20260316_163412_5a5b28	2026-03-16T16:34:12.897909+00:00	evRev	N/A	0	0.000000	0.000000	0.000000	0.000000	0.000000	0.0	error
exp_20260316_163451_64d621	2026-03-16T16:34:51.010582+00:00	evRev	N/A	0	0.000000	0.000000	0.000000	0.000000	0.000000	0.0	error
exp_20260316_163526_33dba5	2026-03-16T16:35:26.811178+00:00	evRev	N/A	0	0.000000	0.000000	0.000000	0.000000	0.000000	0.0	error
exp_20260316_163609_bfad48	2026-03-16T16:36:09.633563+00:00	evRev	N/A	0	0.000000	0.000000	0.000000	0.000000	0.000000	0.0	error
exp_20260316_163657_2aef99	2026-03-16T16:36:57.716117+00:00	evRev	N/A	0	0.000000	0.000000	0.000000	0.000000	0.000000	0.0	error
exp_20260316_163734_9ec327	2026-03-16T16:37:34.111858+00:00	evRev	N/A	0	0.000000	0.000000	0.000000	0.000000	0.000000	0.0	error
exp_20260316_163800_03f363	2026-03-16T16:38:00.687236+00:00	evRev	N/A	0	0.000000	0.000000	0.000000	0.000000	0.000000	0.0	error
exp_20260316_163841_1983dc	2026-03-16T16:38:41.405111+00:00	evRev	N/A	0	0.000000	0.000000	0.000000	0.000000	0.000000	0.0	error
exp_20260316_163917_2b6092	2026-03-16T16:39:17.762788+00:00	evRev	Ridge regression with winsorized growth (2.5/97.5 pctile), growth^2 for non-linearity, and log|growth| for diminishing returns. Target multiples also winsorized. 3 features, all growth-derived with economic rationale: linear growth premium, convex high-growth premium, and diminishing marginal valuation benefit.	3	0.142767	0.926305	0.151823	0.300000	0.364047	0.1	improved
exp_20260316_163958_4fd112	2026-03-16T16:39:58.482477+00:00	evRev	Ridge regression (lambda=5) on log-transformed valuation multiples. Features: winsorized growth% (linear growth premium), log|growth| (diminishing returns), gross margin (profitability premium), growth×margin interaction (quality-growth synergy), and sector dummies (SaaS, Software, Semi, Hardware, Health, Payments, Cybersecurity) capturing systematic industry valuation differences. 11 features with strong economic rationale. Log target reduces outlier influence; predictions exponentiated back.	11	-1.544904	0.000000	-1.641208	0.300000	0.045000	0.1	worse
exp_20260316_164102_76e211	2026-03-16T16:41:02.299982+00:00	evRev	Ridge regression with Huber-robust reweighting on winsorized data (5/95 pctile). 5 features: (1) winsorized growth% — linear growth premium, (2) growth² — non-linear high-growth premium, (3) log|growth| — diminishing returns, (4) gross margin (GP/Rev) — profitability premium driving EV/Rev, (5) growth × margin interaction — quality-growth synergy. Features standardized before fitting for numerical stability. All features have clear economic rationale for cross-sectional valuation.	5	0.107270	0.894356	0.120579	0.300000	0.335613	25.5	worse
exp_20260316_164127_a584e8	2026-03-16T16:41:27.908680+00:00	evRev	Ridge regression (lambda=2) with standardized features on winsorized data (5/95 pctile). 3 features: (1) winsorized growth% — linear growth premium, (2) growth² — non-linear high-growth premium capturing convexity in market's willingness to pay for faster growth, (3) log|growth| — diminishing marginal valuation benefit at extreme growth rates. Target multiples winsorized to reduce outlier influence. Features standardized before fitting for numerical stability and comparable regularization across features.	3	0.127596	0.893890	0.138950	0.300000	0.347301	0.1	worse
exp_20260316_164220_b54a10	2026-03-16T16:42:20.253918+00:00	evRev	Ridge regression (lambda=1) with standardized features on winsorized data (2.5/97.5 pctile). 8 features: (1) winsorized growth% — linear growth premium, (2) growth² — non-linear high-growth premium, (3) log|growth| — diminishing returns at extreme growth, (4) gross margin (GP/Rev) — profitability premium driving EV/Rev, (5) growth × margin interaction — quality-growth synergy, (6) SaaS dummy — SaaS companies trade at systematic premium, (7) Software dummy — software sector valuation effect, (8) Semiconductor dummy — hardware sector valuation discount. All features have clear economic rationale for cross-sectional valuation.	0	0.000000	0.000000	0.000000	0.300000	0.045000	0.0	worse
exp_20260316_164258_c5a838	2026-03-16T16:42:58.551833+00:00	evRev	Ridge regression (lambda=1) with standardized features on winsorized data. 5 features: (1) winsorized growth% — linear growth premium, (2) growth² — non-linear high-growth premium capturing convexity, (3) log|growth| — diminishing marginal valuation benefit, (4) gross margin (GP/Rev) — profitability premium driving EV/Rev multiples (higher margin companies convert more revenue to profit, justifying higher multiples), (5) growth × margin interaction — quality-growth synergy where high-growth, high-margin companies deserve disproportionate premium. Target winsorized at 1/99 pctile to reduce extreme outlier influence. Features standardized before fitting for proper regularization across scales.	5	0.144734	0.938265	0.152736	0.300000	0.368007	0.1	improved
exp_20260316_164451_39be69	2026-03-16T16:44:51.442490+00:00	evRev	Huber-robust Ridge regression (lambda=1, 3 IRLS iterations) with standardized features on winsorized data. 5 features: (1) winsorized growth% — linear growth premium, (2) growth² — non-linear high-growth premium capturing convexity, (3) log|growth| — diminishing marginal valuation benefit, (4) gross margin (GP/Rev) — profitability premium driving EV/Rev multiples (higher margin => more revenue converts to profit, justifying higher multiples), (5) growth × margin interaction — quality-growth synergy where high-growth, high-margin companies deserve disproportionate premium. Gross margin filtered to [0, 1.5] range for validity. Target winsorized at 2/98 pctile; Huber reweighting downweights residual outliers using MAD-based scale estimation. Features standardized before fitting.	5	0.092584	0.824351	0.104610	0.300000	0.309043	76.9	worse
exp_20260316_164526_432f09	2026-03-16T16:45:26.820792+00:00	evRev	Ridge regression (lambda=2) with standardized features on aggressively winsorized data. 6 features: (1) winsorized growth% — linear growth premium, (2) growth²/100 — non-linear high-growth premium capturing convexity, (3) signed log|growth| — diminishing marginal valuation benefit at extreme growth, (4) positive growth indicator — discrete valuation jump for growing vs declining companies, (5) gross margin (GP/Rev) — profitability premium (higher margin => more revenue converts to profit, justifying higher EV/Rev multiples), (6) growth × margin interaction — quality-growth synergy where high-growth, high-margin companies deserve disproportionate premium. Target winsorized at 2/98 pctile; growth at 5/95 pctile. Features standardized before fitting. All features have clear economic rationale.	6	0.134228	0.911902	0.144193	0.300000	0.355505	0.1	worse
exp_20260316_164605_bc0fd5	2026-03-16T16:46:05.910581+00:00	evRev	Ridge regression (lambda=2) with standardized features on winsorized data (2/98 target, 2.5/97.5 growth). 8 features: (1) winsorized growth% — linear growth premium, (2) growth² — non-linear high-growth premium capturing convexity, (3) signed log|growth| — diminishing marginal valuation benefit, (4) gross margin (GP/Rev) — profitability premium driving EV/Rev multiples (higher margin companies convert more revenue to profit, justifying higher multiples), (5) growth × margin interaction — quality-growth synergy where high-growth, high-margin companies deserve disproportionate premium, (6) SaaS dummy — SaaS companies trade at systematic premium due to recurring revenue, (7) Software dummy — software sector valuation effect from high scalability, (8) Semiconductor dummy — hardware sector with different capital intensity profile. All features have clear economic rationale for cross-sectional valuation.	8	0.145028	0.933870	0.153497	0.300000	0.367178	0.1	worse
exp_20260316_164645_293bab	2026-03-16T16:46:45.911102+00:00	evRev	Ridge regression (lambda=2) with trimmed observations and standardized features. 8 features: (1) winsorized growth% — linear growth premium, (2) growth² — non-linear high-growth premium capturing convexity in willingness to pay, (3) signed log|growth| — diminishing marginal valuation benefit at extreme growth rates, (4) positive growth indicator — discrete valuation jump for growing vs declining companies (market pays a premium simply for positive growth trajectory), (5) SaaS dummy — SaaS companies trade at systematic premium due to recurring revenue and high switching costs, (6) Software dummy — software sector valuation effect from high scalability and margins, (7) Semiconductor dummy — hardware sector with different capital intensity and cyclicality, (8) Cybersecurity dummy — security companies command premium due to secular demand tailwinds. Observations trimmed at 2/98 pctile on target and 2.5/97.5 on growth to remove distorted data points rather than winsorizing them. Features standardized before fitting for proper regularization across scales. All features have clear economic rationale.	8	0.054532	0.813964	0.066115	0.300000	0.283527	0.1	worse
baseline	2026-03-16T18:19:13.717650+00:00	pEPS	Ridge regression (lambda=1) with standardized features on winsorized data. 5 features: (1) winsorized growth% — linear growth premium, (2) growth² — non-linear high-growth premium capturing convexity, (3) log|growth| — diminishing marginal valuation benefit, (4) gross margin (GP/Rev) — profitability premium driving EV/Rev multiples (higher margin companies convert more revenue to profit, justifying higher multiples), (5) growth × margin interaction — quality-growth synergy where high-growth, high-margin companies deserve disproportionate premium. Target winsorized at 1/99 pctile to reduce extreme outlier influence. Features standardized before fitting for proper regularization across scales.	5	0.133390	0.535888	0.115093	0.500000	0.285346	0.0	improved
exp_20260316_181950_fbccfa	2026-03-16T18:19:50.753441+00:00	pEPS	Ridge regression (lambda=5) with metric-type-aware features and standardization. For P/EPS: 5 features: (1) winsorized EPS growth% — linear growth premium on earnings, (2) growth² — non-linear premium capturing convexity in PE expansion for high-growth firms, (3) signed log|growth| — diminishing marginal PE expansion at extreme growth rates, (4) positive growth indicator — discrete PE premium for growing vs declining earnings (market pays substantial premium simply for positive earnings trajectory), (5) sqrt|growth| — concave growth-PE relationship reflecting diminishing returns. For EV/Rev: uses gross margin and growth×margin interaction instead. PE observations pre-filtered to (0, 200) range to exclude distorted ratios. Target winsorized at 2/98 pctile; growth at 2.5/97.5. Higher Ridge lambda (5) for temporal stability across market regimes. All features have clear economic rationale for cross-sectional valuation.	5	0.128972	0.564944	0.116942	0.500000	0.291213	0.0	improved
exp_20260316_182057_484726	2026-03-16T18:20:57.936824+00:00	pEPS	Huber-robust regression (epsilon=1.5, alpha=5) with metric-type-aware features and standardization. For P/EPS: 7 features: (1) winsorized EPS growth% — linear growth premium on earnings, (2) growth² — non-linear premium capturing convexity in PE expansion for high-growth firms, (3) signed log|growth| — diminishing marginal PE expansion at extreme growth rates, (4) positive growth indicator — discrete PE premium for growing vs declining earnings (market pays substantial premium simply for positive earnings trajectory), (5) sqrt|growth| — concave growth-PE relationship reflecting diminishing returns, (6) log(forward EPS) — earnings level as quality/maturity proxy (higher absolute EPS indicates more stable business with different PE characteristics), (7) growth × log(FE) interaction — growth premium modulated by earnings quality (growth is more valuable for companies with higher base earnings). For EV/Rev: 5 features using gross margin and growth×margin interaction instead. Huber loss naturally downweights PE outliers without aggressive winsorization. PE observations pre-filtered to (0, 150) range; forward EPS filtered to >$0.10. Target winsorized at 2/98 pctile; growth at 2.5/97.5. All features have clear economic rationale for cross-sectional valuation.	7	-0.070750	0.000000	-0.082282	0.500000	0.075000	19.2	worse
exp_20260316_182139_c9bdcb	2026-03-16T18:21:39.074538+00:00	pEPS	Ridge regression (lambda=5) with log-transformed PE target and metric-type-aware features. For P/EPS: log(PE) is regressed on 5 features: (1) winsorized EPS growth% — linear growth premium, (2) growth² — non-linear convexity in PE expansion for high-growth firms, (3) signed log|growth| — diminishing marginal PE expansion at extreme growth, (4) positive growth indicator — discrete PE premium for positive earnings trajectory, (5) |growth| — growth magnitude capturing symmetric valuation sensitivity. Log-transforming PE ratios is economically motivated: PE is right-skewed and the growth-PE relationship is multiplicative (growth drives percentage PE changes, not absolute). Predictions are exponentiated back to PE space. For EV/Rev: 5 features using gross margin and growth×margin interaction on original scale. PE observations pre-filtered to (0, 200); target winsorized at 2/98 pctile before log. Growth winsorized at 2.5/97.5. Features standardized before fitting. All features have clear economic rationale for cross-sectional valuation.	5	-674.176323	0.000000	-661.205053	0.500000	0.075000	0.0	worse
exp_20260316_182212_6d2f98	2026-03-16T18:22:12.265128+00:00	pEPS	Ridge regression (lambda=10) with simplified, robust features and standardization. For P/EPS: 3 features: (1) winsorized EPS growth% — linear growth premium on earnings, (2) positive growth indicator — discrete PE premium for growing vs declining earnings (market pays substantial premium simply for positive earnings trajectory), (3) absolute growth magnitude — captures symmetric magnitude effect where both large positive and negative growth increase valuation uncertainty. For EV/Rev: 3 features using growth, gross margin, and growth×margin interaction. For EV/GP: 3 features using growth, positive indicator, and log growth. PE observations pre-filtered to (0, 150) range. Target winsorized at 3/97 pctile for PE (tighter to handle fat tails); growth at 3/97. Higher Ridge lambda (10) for maximum temporal stability across market regimes. Fewer features reduce multicollinearity from correlated nonlinear transforms. All features have clear economic rationale for cross-sectional valuation.	3	0.200407	0.638176	0.196059	0.500000	0.353919	0.0	improved
exp_20260316_182253_3c0b83	2026-03-16T18:22:53.400508+00:00	pEPS	Ridge regression (lambda=5) with sector dummies and growth transforms. For P/EPS: 8 features: (1) winsorized EPS growth% — linear growth premium on earnings, (2) positive growth indicator — discrete PE premium for growing vs declining earnings, (3) absolute growth magnitude — captures symmetric magnitude effect on valuation uncertainty, (4) growth²/100 — convexity in PE expansion for high-growth firms (market pays exponentially more for faster growers), (5) SaaS dummy — SaaS companies trade at systematic PE premium due to recurring revenue and high switching costs, (6) Software dummy — software sector PE premium from high scalability and margins, (7) Semiconductor dummy — semi sector with different cyclicality and capital intensity affecting PE, (8) Tech dummy — broad technology sector effect capturing secular growth premium. For EV/Rev: 6 features using growth, gross margin, growth×margin interaction, and 3 sector dummies. For EV/GP: 6 features using growth, positive indicator, log growth, and 3 sector dummies. PE observations pre-filtered to (0, 150) range. Target winsorized at 3/97 pctile for PE; growth at 3/97. Sector dummies capture persistent cross-sectional valuation differences that growth alone misses. All features have clear economic rationale for cross-sectional valuation.	8	0.105545	0.598659	0.215438	0.500000	0.309970	0.0	worse
exp_20260316_182340_b672f0	2026-03-16T18:23:40.962436+00:00	pEPS	Ridge regression (lambda=15) with targeted sector dummies and forward EPS for stability. For P/EPS: 6 features: (1) winsorized EPS growth% — linear growth premium on earnings, (2) positive growth indicator — discrete PE premium for growing vs declining earnings (market pays substantial premium simply for positive earnings trajectory), (3) absolute growth magnitude — captures symmetric magnitude effect where both large positive and negative growth increase valuation uncertainty, (4) log(forward EPS) — earnings level as quality/maturity proxy (higher absolute EPS indicates more stable, mature business that typically trades at lower PE), (5) SaaS dummy — SaaS companies trade at systematic PE premium due to recurring revenue and high switching costs, (6) Software dummy — software sector PE premium from high scalability and margins. For EV/Rev: 4 features using growth, gross margin, growth×margin interaction, and SaaS dummy. For EV/GP: 4 features using growth, positive indicator, log growth, and SaaS dummy. PE observations pre-filtered to (0, 150) range. Target winsorized at 3/97 pctile for PE; growth at 3/97. Higher Ridge lambda (15) for maximum temporal stability across market regimes. Sector dummies limited to SaaS and Software (most persistent valuation premiums) to avoid overfitting from too many dummies. All features have clear economic rationale for cross-sectional valuation.	6	0.197713	0.649762	0.175773	0.500000	0.351681	0.0	worse
exp_20260316_182424_bc6ff3	2026-03-16T18:24:24.363637+00:00	pEPS	Ridge regression (lambda=20) with forward EPS level and robust growth features. For P/EPS: 5 features: (1) winsorized EPS growth% — linear growth premium on earnings, (2) positive growth indicator — discrete PE premium for growing vs declining earnings (market pays substantial premium simply for positive earnings trajectory), (3) absolute growth magnitude — captures symmetric magnitude effect where both large positive and negative growth increase valuation uncertainty, (4) growth²/100 — convexity in PE expansion for high-growth firms (market pays exponentially more for faster growers, capturing the nonlinear growth-PE relationship), (5) log(forward EPS) — earnings level as quality/maturity proxy (higher absolute EPS indicates more stable, mature business that typically trades at lower PE; this is the well-known inverse relationship between earnings yield and PE ratio). For EV/Rev: 3 features using growth, gross margin, and growth×margin interaction. For EV/GP: 3 features using growth, positive indicator, and log growth. PE observations pre-filtered to (3, 120) range for tighter outlier control. Target winsorized at 3/97 pctile for PE; growth at 3/97. Higher Ridge lambda (20) for maximum temporal stability across market regimes. All features have clear economic rationale for cross-sectional valuation.	5	0.168522	0.661205	0.193329	0.500000	0.346376	0.0	worse
exp_20260316_182506_0557c8	2026-03-16T18:25:06.740476+00:00	pEPS	Ridge regression with adaptive lambda and growth convexity feature. For P/EPS: 4 features: (1) winsorized EPS growth% — linear growth premium on earnings, (2) positive growth indicator — discrete PE premium for growing vs declining earnings (market pays substantial premium simply for positive earnings trajectory), (3) absolute growth magnitude — captures symmetric magnitude effect where both large positive and negative growth increase valuation uncertainty, (4) growth²/100 — convexity in PE expansion for high-growth firms (market pays exponentially more for faster growers, well-documented in valuation literature). For EV/Rev: 3 features using growth, gross margin, and growth×margin interaction. For EV/GP: 3 features using growth, positive indicator, and log growth. PE observations pre-filtered to (2, 120) range for tighter outlier control. Target winsorized at 3/97 pctile for PE; growth at 3/97. Adaptive Ridge lambda scales with p/n ratio for optimal bias-variance tradeoff across different cross-section sizes. All features have clear economic rationale for cross-sectional valuation.	4	0.157149	0.639359	0.212840	0.500000	0.340268	0.0	worse
exp_20260316_182550_460ce8	2026-03-16T18:25:50.173275+00:00	pEPS	Ridge regression (lambda=12) with forward EPS level and robust features. For P/EPS: 5 features: (1) winsorized EPS growth% — linear growth premium on earnings, (2) positive growth indicator — discrete PE premium for growing vs declining earnings (market pays substantial premium simply for positive earnings trajectory), (3) absolute growth magnitude — captures symmetric magnitude effect where both large positive and negative growth increase valuation uncertainty, (4) 1/forward EPS — captures the well-known inverse relationship between earnings level and PE ratio (low-EPS firms are early-stage with more option value, systematically trading at higher PEs independent of growth), (5) growth × 1/FE interaction — growth premium amplified for low-EPS firms reflecting operating leverage (growth is more valuable when base earnings are small). For EV/Rev: 3 features using growth, gross margin, and growth×margin interaction. For EV/GP: 3 features using growth, positive indicator, and log growth. PE observations pre-filtered to (3, 120) range; target winsorized at 5/95 pctile (aggressive tail trimming for PE stability); growth at 3/97. Ridge lambda=12 for temporal stability across market regimes. All features have clear economic rationale for cross-sectional valuation.	3	0.178144	0.632030	0.206954	0.500000	0.345656	0.1	worse
exp_20260316_182630_b87f24	2026-03-16T18:26:30.988190+00:00	pEPS	Huber robust regression (epsilon=1.35, alpha=0.01) with standardized features. For P/EPS: 4 features: (1) winsorized EPS growth% — linear growth premium on earnings, (2) positive growth indicator — discrete PE premium for growing vs declining earnings (market pays substantial premium simply for positive earnings trajectory), (3) absolute growth magnitude — captures symmetric magnitude effect where both large positive and negative growth increase valuation uncertainty, (4) log(forward EPS) — captures the well-known inverse relationship between earnings level and PE ratio (low-EPS firms are early-stage with option value, trading at systematically higher PEs). For EV/Rev: 3 features using growth, gross margin, and growth×margin interaction. For EV/GP: 3 features using growth, positive indicator, and signed log growth. PE observations pre-filtered to (2, 120) range for tighter outlier control. Target winsorized at 3/97 pctile for PE; growth at 3/97. Huber loss (epsilon=1.35) naturally downweights outlier observations without removing them, providing more stable coefficient estimates across time periods than OLS or Ridge. Light L2 regularization (alpha=0.01) since Huber already handles outlier influence. All features have clear economic rationale for cross-sectional valuation.	4	-0.011802	0.419291	0.025185	0.500000	0.184860	0.1	worse
exp_20260316_182729_dbda81	2026-03-16T18:27:29.971781+00:00	pEPS	Ridge regression (lambda=8) with simplified, robust features and standardization. For P/EPS: 3 features: (1) winsorized EPS growth% — linear growth premium on earnings, (2) positive growth indicator — discrete PE premium for growing vs declining earnings (market pays substantial premium simply for positive earnings trajectory), (3) absolute growth magnitude — captures symmetric magnitude effect where both large positive and negative growth increase valuation uncertainty. For EV/Rev: 3 features using growth, gross margin, and growth×margin interaction. For EV/GP: 3 features using growth, positive indicator, and signed log growth. PE observations pre-filtered to (2, 150) range. Target winsorized at 3/97 pctile for PE; growth at 3/97. Ridge lambda=8 tuned for optimal bias-variance tradeoff — lower than lambda=10 to allow more signal through while still providing temporal stability. All features have clear economic rationale for cross-sectional valuation.	3	0.201399	0.633240	0.198083	0.500000	0.353486	0.0	worse
exp_20260316_182810_557f40	2026-03-16T18:28:10.170906+00:00	pEPS	Ridge regression (lambda=8) on LOG-TRANSFORMED target with rank-based features. Key innovation: log(multiple) as target reduces heteroscedasticity in PE/EV ratios (right-skewed distributions become symmetric in log space), improving OLS efficiency and OOS stability. Predictions exponentiated back to level space. For P/EPS: 4 features: (1) growth percentile rank [0,1] — robust monotonic growth premium immune to outliers and regime-dependent scaling, (2) growth rank squared — captures convexity where very high growth firms command disproportionate PE premiums, (3) positive growth indicator — discrete PE premium for positive earnings trajectory, (4) scaled growth %/100 — preserves cardinal magnitude information lost in ranking. For EV/Rev: 4 features using growth rank, rank², gross margin, and rank×margin interaction (growth more valuable for high-margin businesses). For EV/GP: 4 features using growth rank, rank², positive indicator, and scaled growth. Target log-winsorized at 2/98 pctile; growth winsorized at 2/98 before ranking. Rank features provide temporal stability since cross-sectional ordering is more persistent than absolute growth levels across bull/bear regimes. All features have clear economic rationale for cross-sectional valuation.	4	-639.891752	0.000000	-640.421772	0.500000	0.075000	0.0	worse
exp_20260316_182900_d9bd75	2026-03-16T18:29:00.013981+00:00	pEPS	Huber robust regression (epsilon=1.5, alpha=1.0) with sector dummies and growth transforms. For P/EPS: 8 features: (1) winsorized EPS growth% — linear growth premium on earnings, (2) positive growth indicator — discrete PE premium for growing vs declining earnings (market pays substantial premium simply for positive earnings trajectory), (3) growth²/100 — convexity in PE expansion for high-growth firms (market pays exponentially more for faster growers), (4) absolute growth magnitude — captures symmetric magnitude effect on valuation uncertainty, (5) SaaS dummy — SaaS companies trade at systematic PE premium due to recurring revenue and high switching costs, (6) Software dummy — software sector PE premium from high scalability and margins, (7) Semiconductor dummy — semi sector with different cyclicality and capital intensity affecting PE, (8) Tech dummy — broad technology sector effect capturing secular growth premium. For EV/Rev: 6 features using growth, gross margin, growth×margin interaction, growth², and 2 sector dummies. For EV/GP: 6 features using growth, positive indicator, signed log growth, growth², and 2 sector dummies. PE observations pre-filtered to (2, 150) range. Target winsorized at 3/97 pctile for PE; growth at 3/97. Huber loss (epsilon=1.5) naturally downweights outlier observations without removing them, providing more stable coefficient estimates across time periods than OLS or Ridge. Moderate L2 regularization (alpha=1.0) for temporal stability. Sector dummies capture persistent cross-sectional valuation differences that growth alone misses. All features have clear economic rationale for cross-sectional valuation.	8	-0.048497	0.533001	0.037631	0.500000	0.215776	0.1	worse
exp_20260316_182952_707202	2026-03-16T18:29:52.099101+00:00	pEPS	Quantile (median) regression via IRLS with Ridge regularization (alpha=8) for robust valuation prediction. Median regression minimizes absolute deviations rather than squared errors, making coefficient estimates naturally robust to the heavy-tailed PE distribution without aggressive winsorization. For P/EPS: 5 features: (1) winsorized EPS growth% — linear growth premium on earnings, (2) positive growth indicator — discrete PE premium for growing vs declining earnings (market pays substantial premium simply for positive earnings trajectory), (3) absolute growth magnitude — captures symmetric magnitude effect where both large positive and negative growth increase valuation uncertainty, (4) log(forward EPS) — captures the well-known inverse relationship between earnings level and PE ratio (low-EPS firms are early-stage with more option value, systematically trading at higher PEs independent of growth rate), (5) growth²/100 — convexity in PE expansion for high-growth firms. For EV/Rev: 4 features using growth, gross margin, growth×margin interaction, and growth² convexity. For EV/GP: 4 features using growth, positive indicator, signed log growth, and growth². PE observations pre-filtered to (2, 150) range. Target winsorized at 3/97 pctile for PE; growth at 3/97. IRLS quantile regression initialized from Ridge solution for fast convergence. All features have clear economic rationale for cross-sectional valuation.	5	-0.071941	0.309356	-0.065819	0.500000	0.152339	0.1	worse
exp_20260316_183040_fee27e	2026-03-16T18:30:40.822556+00:00	pEPS	Log-space Ridge regression (lambda=10) with Duan's smearing back-transform. Key innovation: log-transforming the target (PE, EV/Rev, EV/GP) reduces heteroscedasticity and right-skewness, making the growth-valuation relationship more linear and stable across market regimes. Predictions back-transformed via exp() with Duan's smearing estimator for unbiased level predictions. For P/EPS: 4 features: (1) winsorized EPS growth% — linear growth premium, (2) positive growth indicator — discrete PE premium for growing firms, (3) growth²/100 — convexity capturing exponential PE premium for high-growth, (4) log(forward EPS) — earnings level effect (higher EPS = lower PE, well-known inverse relationship reflecting maturity and stability). For EV/Rev: 4 features using growth, gross margin, growth×margin interaction, and growth² convexity. For EV/GP: 4 features using growth, positive indicator, signed log growth, and growth² convexity. PE observations pre-filtered to (2, 200) range. Log target winsorized at 2/98 pctile; growth at 3/97. Ridge lambda=10 for temporal stability. All features have clear economic rationale for cross-sectional valuation.	4	-794.012527	0.000000	-775.412448	0.500000	0.075000	0.0	worse
exp_20260316_183116_647a25	2026-03-16T18:31:16.765693+00:00	pEPS	Ridge regression (lambda=5) with piecewise-linear growth and aggressive filtering. For P/EPS: 2 features: (1) positive growth part (max(growth,0)) — captures the PE expansion slope for growing companies, (2) negative growth part (min(growth,0)) — captures the PE contraction slope for declining companies. Piecewise-linear allows asymmetric slopes: the market rewards growth more steeply than it punishes contraction (well-documented asymmetry in PE-growth relationships). PE observations aggressively pre-filtered to (3, 100) range to exclude distressed and speculative names that add noise. Target winsorized at 5/95 pctile for very tight tail control. For EV/Rev: 3 features using growth, gross margin, and growth² convexity. For EV/GP: 2 features using growth and positive growth indicator. Growth winsorized at 3/97. Ridge lambda=5 (lower since cleaner data needs less regularization). Fewer features (2-3) minimize multicollinearity and maximize adjusted R². All features have clear economic rationale for cross-sectional valuation.	2	0.191523	0.432462	0.222064	0.500000	0.304137	0.0	worse
exp_20260316_183208_de1db3	2026-03-16T18:32:08.271447+00:00	pEPS	Ridge regression (lambda=10) with growth convexity and forward EPS level. For P/EPS: 4-5 features: (1) winsorized EPS growth% — linear growth premium on earnings, (2) positive growth indicator — discrete PE premium for growing vs declining earnings (market pays substantial premium simply for positive earnings trajectory), (3) absolute growth magnitude — captures symmetric magnitude effect where both large positive and negative growth increase valuation uncertainty, (4) growth²/100 — convexity capturing exponential PE premium for high-growth firms, (5) log(forward EPS) when available — captures the well-known inverse relationship between earnings level and PE ratio (low-EPS firms are early-stage with more option value, systematically trading at higher PEs independent of growth rate). For EV/Rev: 4 features using growth, gross margin, growth×margin interaction, and growth² convexity. For EV/GP: 4 features using growth, positive indicator, signed log growth, and growth² convexity. PE observations pre-filtered to (2, 150) range. Target winsorized at 3/97 pctile for PE; growth at 3/97. Ridge lambda=10 for temporal stability across market regimes. Growth² captures the well-documented convexity in growth-valuation relationships — the marginal PE premium per unit of growth increases at higher growth rates. All features have clear economic rationale for cross-sectional valuation.	4	0.147259	0.628035	0.219348	0.500000	0.334782	0.0	worse
exp_20260316_183252_72f696	2026-03-16T18:32:52.759104+00:00	pEPS	Ridge regression (lambda=8) with industry dummies and growth features for cross-sectional valuation prediction. Key innovation: adding persistent industry-level intercept shifts (SaaS, Software, Semiconductor, S&P 500 membership) to capture structural valuation differences that growth rates alone cannot explain. For P/EPS: 7 features: (1) winsorized EPS growth% — linear growth premium on earnings, (2) positive growth indicator — discrete PE premium for growing vs declining earnings (market pays substantial premium simply for positive earnings trajectory), (3) growth²/100 — convexity capturing exponential PE premium for high-growth firms (well-documented non-linearity in growth-PE relationship), (4) SaaS dummy — SaaS companies trade at systematic PE premium due to recurring revenue, high switching costs, and predictable cash flows, (5) Software dummy — software sector PE premium from high scalability, low marginal costs, and high operating leverage, (6) Semiconductor dummy — semi sector with different cyclicality and capital intensity affecting PE (typically lower PE due to cyclical earnings), (7) S&P 500 membership — large-cap quality premium (index inclusion signals institutional quality, liquidity premium, and passive fund demand). For EV/Rev: 6 features using growth, gross margin, growth×margin interaction, and 3 industry dummies (SaaS, Software, Semi). For EV/GP: 6 features using growth, positive indicator, growth², and 3 industry dummies. PE observations pre-filtered to (2, 150) range. Target winsorized at 3/97 pctile for PE; growth at 3/97. Ridge lambda=8 for temporal stability across market regimes while allowing industry effects to express. Industry dummies are standardized like continuous features so Ridge regularization applies proportionally. All features have clear economic rationale.	7	0.129045	0.528110	0.104464	0.500000	0.279538	0.1	worse
exp_20260316_183335_fc9b26	2026-03-16T18:33:35.429435+00:00	pEPS	Huber robust regression (epsilon=1.5, alpha=5.0) with rank-based and level-based growth features for regime-invariant valuation prediction. For P/EPS: 4 features: (1) growth percentile rank [0,1] — regime-invariant ordinal growth premium (rank is stable across bull/bear markets since it always maps to [0,1] regardless of the absolute growth distribution), (2) winsorized EPS growth% — cardinal magnitude preserving the actual growth rate information, (3) positive growth indicator — discrete PE premium for growing vs declining earnings (market pays substantial premium simply for positive earnings trajectory), (4) growth²/100 — convexity capturing exponential PE premium for high-growth firms. For EV/Rev: 4 features using growth rank, growth level, gross margin, and growth×margin interaction (growth more valuable for high-margin businesses). For EV/GP: 4 features using growth rank, growth level, positive indicator, and growth². PE observations pre-filtered to (2, 120) range with 3/97 winsorization. Huber loss (epsilon=1.5) naturally downweights outlier observations without removing them, providing more stable coefficient estimates than OLS across time periods. L2 regularization (alpha=5.0) for temporal stability. Rank features provide temporal stability since cross-sectional ordering is more persistent than absolute growth levels across market regimes. All features have clear economic rationale for cross-sectional valuation.	4	-0.085300	0.000000	-0.057946	0.500000	0.075000	0.1	worse
exp_20260316_183417_e1574a	2026-03-16T18:34:17.887832+00:00	pEPS	Huber robust regression (epsilon=1.35, alpha=5.0) with growth transforms for cross-sectional valuation prediction. Huber loss naturally downweights outlier observations (PE ratios have heavy tails from distressed/speculative names) without removing them, providing more stable coefficient estimates than OLS across time periods. For P/EPS: 4 features: (1) winsorized EPS growth% — linear growth premium on earnings, (2) positive growth indicator — discrete PE premium for growing vs declining earnings (market pays substantial premium simply for positive earnings trajectory), (3) growth²/100 — convexity capturing exponential PE premium for high-growth firms (well-documented non-linearity in growth-PE relationship where marginal PE premium per unit of growth increases at higher growth rates), (4) growth × positive indicator — allows asymmetric slope where positive growth is rewarded more steeply than negative growth is punished (call-option-like payoff structure of equity means upside growth is more valuable than downside is destructive). For EV/Rev: 4 features using growth, gross margin, growth×margin interaction, and growth² convexity (growth more valuable for high-margin businesses since each revenue dollar converts to more profit). For EV/GP: 4 features using growth, positive indicator, growth², and signed sqrt growth (concave transform capturing diminishing marginal valuation impact of extreme growth). PE observations pre-filtered to (2, 150) range. Target winsorized at 3/97 pctile for PE; growth at 3/97. L2 regularization (alpha=5.0) for temporal stability across market regimes. All features have clear economic rationale for cross-sectional valuation.	4	-0.089348	0.000000	-0.062220	0.500000	0.075000	0.1	worse
exp_20260316_184127_e490bd	2026-03-16T18:41:27.664366+00:00	pEPS	Ridge regression (lambda=10) with growth features + FMP cross-sectional factors. For P/EPS: 8 features: (1) winsorized EPS growth% — linear growth premium, (2) positive growth indicator — discrete PE premium for growing firms, (3) growth²/100 — convexity in PE-growth relationship, (4) log_market_cap — size effect (larger firms trade at lower PE due to maturity/lower growth expectations), (5) earnings_yield — mean-reversion anchor (low earnings yield = expensive = high PE, captures valuation level persistence), (6) roic — quality premium (high ROIC firms deserve higher multiples due to superior capital allocation), (7) momentum_6m — price momentum drives multiple expansion/compression (winner stocks re-rate upward), (8) beta — risk discount (higher beta = higher discount rate = lower PE, captures systematic risk pricing). For EV/Rev: 7 features using growth, gross margin, growth×margin, log_market_cap, rd_to_revenue (R&D-intensive firms trade at higher revenue multiples due to future growth optionality), roic, momentum_6m. For EV/GP: 6 features using growth, positive indicator, growth², log_market_cap, roic, momentum_6m. FMP factors are z-scored cross-sectionally with NaN mean-imputed to 0. PE observations pre-filtered to (0, 150). Target winsorized at 3/97 for PE; 2/98 for EV multiples. Growth winsorized at 3/97. FMP factors winsorized at 2/98. Ridge lambda=10 for temporal stability. All features have clear economic rationale.	8	0.128531	0.465709	0.097769	0.500000	0.262394	0.1	worse
exp_20260316_184211_d2c62c	2026-03-16T18:42:11.199836+00:00	pEPS	Ridge regression (lambda=10) with growth features + FMP cross-sectional factors. For P/EPS: 6 features: (1) winsorized EPS growth% — linear growth premium, (2) positive growth indicator — discrete PE premium for growing firms, (3) absolute growth magnitude — captures symmetric magnitude effect, (4) log_market_cap — size effect (larger firms trade at lower PE due to maturity/lower growth expectations), (5) roic — quality premium (high ROIC firms deserve higher multiples due to superior capital allocation), (6) momentum_6m — price momentum drives multiple expansion/compression (winner stocks re-rate upward). For EV/Rev: 6 features using growth, gross margin, growth×margin, log_market_cap, roic, momentum_6m. For EV/GP: 6 features using growth, positive indicator, log growth, log_market_cap, roic, momentum_6m. FMP factors are z-scored cross-sectionally with NaN mean-imputed to 0 (population average). FMP factors winsorized at 2/98 to handle extreme z-scores. PE observations pre-filtered to (0, 150). Target winsorized at 3/97 for PE; 2/98 for EV multiples. Growth winsorized at 3/97. Ridge lambda=10 for temporal stability. Key improvement: proper alignment of FMP factors using valid_masks to correctly index into per-ticker FMP arrays before applying observation-level filtering. All features have clear economic rationale for cross-sectional valuation.	6	0.200407	0.638176	0.180735	0.500000	0.350854	0.1	worse
exp_20260316_184303_79d636	2026-03-16T18:43:03.593168+00:00	pEPS	Huber-robust Ridge regression (lambda=8, Huber k=1.5, 5 IRLS iterations) with growth features + FMP cross-sectional factors for valuation prediction. IRLS downweights outlier observations naturally without discarding them, improving stability in the heavy-tailed PE distribution. For P/EPS: 7 features: (1) winsorized EPS growth% — linear growth premium, (2) positive growth indicator — discrete PE premium for growing firms, (3) growth²/100 — convexity in PE-growth relationship (marginal PE premium increases at higher growth), (4) log_market_cap — size effect (larger firms trade at lower PE due to maturity/lower growth expectations), (5) roic — quality premium (high ROIC firms deserve higher multiples due to superior capital allocation), (6) momentum_6m — price momentum drives multiple expansion/compression (winner stocks re-rate upward), (7) earnings_yield — captures valuation level anchoring (low yield = expensive = high PE, persistence). For EV/Rev: 8 features using growth, gross margin, growth×margin, growth², log_market_cap, roic, momentum_6m, rd_to_revenue (R&D-intensive firms trade at higher revenue multiples). For EV/GP: 6 features using growth, positive indicator, growth², log_market_cap, roic, momentum_6m. FMP factors are z-scored cross-sectionally with NaN mean-imputed to 0 and winsorized at 2/98. PE observations pre-filtered to (0, 150). Target winsorized at 3/97 for PE; 2/98 for EV multiples. Growth winsorized at 3/97. All features have clear economic rationale.	7	0.109639	0.394623	0.078990	0.500000	0.233309	0.1	worse
exp_20260316_184347_cdd9ec	2026-03-16T18:43:47.740456+00:00	pEPS	Ridge regression (lambda=10) with growth features + FMP cross-sectional factors, filtering to observations with valid FMP data (no mean imputation). For P/EPS: 6 features: (1) winsorized EPS growth% — linear growth premium on earnings, (2) positive growth indicator — discrete PE premium for growing vs declining earnings (market pays substantial premium simply for positive earnings trajectory), (3) absolute growth magnitude — captures symmetric magnitude effect, (4) log_market_cap — size effect (larger mature firms trade at lower PE due to lower growth expectations and maturity discount), (5) roic — quality premium (high ROIC firms deserve higher multiples due to superior capital allocation and competitive moats), (6) momentum_6m — price momentum drives multiple expansion/compression as sentiment and re-rating effects persist over medium horizons. For EV/Rev: 6 features using growth, gross margin, growth×margin interaction, log_market_cap, roic, momentum_6m. For EV/GP: 6 features using growth, positive indicator, log growth, log_market_cap, roic, momentum_6m. Key improvement: filtering to observations with valid FMP data instead of mean-imputing NaN to 0, which diluted the signal. FMP factors are already z-scored cross-sectionally; we winsorize at 1/99 to handle extreme z-scores. PE observations pre-filtered to (0, 150). Target winsorized at 3/97 for PE; 2/98 for EV multiples. Growth winsorized at 3/97. Ridge lambda=10 for temporal stability. All features have clear economic rationale for cross-sectional valuation.	0	0.000000	0.000000	0.000000	0.500000	0.075000	0.0	worse
exp_20260316_184436_2eb97e	2026-03-16T18:44:36.827198+00:00	pEPS	Ridge regression (lambda=10) with growth features + FMP cross-sectional factors. For P/EPS: 6 features: (1) winsorized EPS growth% — linear growth premium on earnings, (2) positive growth indicator — discrete PE premium for growing vs declining earnings, (3) absolute growth magnitude — captures symmetric magnitude/uncertainty effect, (4) log_market_cap — size effect (larger mature firms trade at lower PE due to lower growth expectations and maturity discount), (5) gross_profit_margin — quality premium (high margin firms have more durable earnings deserving higher PE), (6) momentum_6m — price momentum drives multiple expansion/compression as sentiment and re-rating effects persist over medium horizons. For EV/Rev: 6 features using growth, derived gross margin, growth×margin interaction, plus log_market_cap, gross_profit_margin (FMP), momentum_6m. For EV/GP: 6 features using growth, positive indicator, log growth, plus same 3 FMP factors. FMP factors are already z-scored cross-sectionally. NaN values mean-imputed to 0 (population average) to preserve sample size. FMP factors winsorized at 1/99 to handle extreme z-scores. PE observations pre-filtered to (0, 150). Target winsorized at 3/97 for PE; 2/98 for EV multiples. Growth winsorized at 3/97. Ridge lambda=10 for temporal stability. Key alignment: FMP factors indexed via valid_masks to match get_baseline_points output, then filtered alongside observations. All features have clear economic rationale.	6	0.200407	0.638176	0.180735	0.500000	0.350854	0.0	worse
exp_20260316_184525_a22b50	2026-03-16T18:45:25.296009+00:00	pEPS	Ridge regression (lambda=5) with growth features + FMP cross-sectional factors for valuation prediction. For P/EPS: 6 features: (1) winsorized EPS growth% — linear growth premium on earnings, (2) positive growth indicator — discrete PE premium for growing vs declining earnings (market pays substantial premium simply for positive earnings trajectory), (3) absolute growth magnitude — captures symmetric magnitude/uncertainty effect, (4) log_market_cap — size effect (larger mature firms trade at lower PE due to lower growth expectations and maturity discount), (5) roic — quality premium (high ROIC firms deserve higher multiples due to superior capital allocation and competitive moats), (6) momentum_6m — price momentum drives multiple expansion/compression as sentiment and re-rating effects persist over medium horizons. For EV/Rev: 6 features using growth, gross margin, growth×margin interaction, plus log_market_cap, roic, momentum_6m. For EV/GP: 6 features using growth, positive indicator, log growth, plus same 3 FMP factors. FMP factors are z-scored cross-sectionally. NaN values mean-imputed to 0 (population average) to preserve sample size. FMP factors winsorized at 1/99 to handle extreme z-scores. PE observations pre-filtered to (0, 150). Target winsorized at 3/97 for PE; 2/98 for EV multiples. Growth winsorized at 3/97. Ridge lambda=5 balances letting FMP signal express while maintaining temporal stability. All features have clear economic rationale.	6	0.202612	0.625022	0.185836	0.500000	0.349468	0.1	worse
exp_20260316_184609_4cef27	2026-03-16T18:46:09.707550+00:00	pEPS	Ridge regression (lambda=5) with growth features + FMP cross-sectional factors for valuation prediction. For P/EPS: 6 features: (1) winsorized EPS growth% — linear growth premium on earnings, (2) positive growth indicator — discrete PE premium for growing vs declining earnings (market pays substantial premium simply for positive earnings trajectory), (3) absolute growth magnitude — captures symmetric magnitude/uncertainty effect, (4) log_market_cap — size effect (larger mature firms trade at lower PE due to lower growth expectations and maturity discount), (5) roic — quality premium (high ROIC firms deserve higher multiples due to superior capital allocation and competitive moats), (6) momentum_6m — price momentum drives multiple expansion/compression as sentiment and re-rating effects persist over medium horizons. For EV/Rev: 6 features using growth, gross margin, growth×margin interaction, plus log_market_cap, roic, momentum_6m. For EV/GP: 6 features using growth, positive indicator, log growth, plus same 3 FMP factors. FMP factors are z-scored cross-sectionally. NaN values mean-imputed to 0 (population average) to preserve sample size. FMP factors winsorized at 1/99 to handle extreme z-scores. PE observations pre-filtered to (0, 150). Target winsorized at 3/97 for PE; 2/98 for EV multiples. Growth winsorized at 3/97. Ridge lambda=5 balances letting FMP signal express while maintaining temporal stability. All features have clear economic rationale for cross-sectional valuation.	6	0.202612	0.625022	0.185836	0.500000	0.349468	0.1	worse
exp_20260316_184653_93519e	2026-03-16T18:46:53.910674+00:00	pEPS	Ridge regression (lambda=10) with growth features + FMP cross-sectional factors for valuation prediction. For P/EPS: 6 features: (1) winsorized EPS growth% — linear growth premium on earnings, (2) positive growth indicator — discrete PE premium for growing vs declining earnings (market pays substantial premium simply for positive earnings trajectory), (3) absolute growth magnitude — captures symmetric magnitude/uncertainty effect, (4) log_market_cap — size effect (larger mature firms trade at lower PE due to lower growth expectations and maturity discount), (5) roic — quality premium (high ROIC firms deserve higher multiples due to superior capital allocation and competitive moats), (6) momentum_6m — price momentum drives multiple expansion/compression as sentiment and re-rating effects persist over medium horizons. For EV/Rev: 6 features using growth, gross margin, growth×margin interaction, plus log_market_cap, roic, momentum_6m. For EV/GP: 6 features using growth, positive indicator, log growth, plus same 3 FMP factors. FMP factors are z-scored cross-sectionally. NaN values mean-imputed to 0 (population average) to preserve sample size. FMP factors winsorized at 1/99 to handle extreme z-scores. PE observations pre-filtered to (0, 150). Target winsorized at 3/97 for PE; 2/98 for EV multiples. Growth winsorized at 3/97. Ridge lambda=10 for temporal stability. All features have clear economic rationale for cross-sectional valuation.	6	0.200407	0.638176	0.180735	0.500000	0.350854	0.1	worse
exp_20260316_184744_9845cd	2026-03-16T18:47:44.275708+00:00	pEPS	Ridge regression (lambda=10) with growth features + FMP cross-sectional factors for valuation prediction. For P/EPS: 8 features: (1) winsorized EPS growth% — linear growth premium on earnings, (2) positive growth indicator — discrete PE premium for growing vs declining earnings (market pays substantial premium simply for positive earnings trajectory), (3) absolute growth magnitude — captures symmetric magnitude/uncertainty effect, (4) log_market_cap — size effect (larger mature firms trade at lower PE due to lower growth expectations and maturity discount), (5) roic — quality premium (high ROIC firms deserve higher multiples due to superior capital allocation and competitive moats), (6) momentum_6m — price momentum drives multiple expansion/compression as sentiment and re-rating effects persist over medium horizons, (7) earnings_yield — captures valuation level anchoring (low yield = expensive = high PE, mean-reversion anchor), (8) beta — risk discount (higher beta = higher discount rate = lower PE, captures systematic risk pricing). For EV/Rev: 7 features using growth, gross margin, growth×margin interaction, plus log_market_cap, roic, momentum_6m, rd_to_revenue (R&D-intensive firms trade at higher revenue multiples due to future growth optionality). For EV/GP: 6 features using growth, positive indicator, log growth, plus log_market_cap, roic, momentum_6m. FMP factors are z-scored cross-sectionally with NaN mean-imputed to 0 (population average). FMP factors winsorized at 1/99 to handle extreme z-scores. Critical fix: FMP factors properly aligned using valid_masks to index into per-ticker arrays, then filtered with same observation-level mask as growth/target data. PE observations pre-filtered to (0, 150). Target winsorized at 3/97 for PE; 2/98 for EV multiples. Growth winsorized at 3/97. Ridge lambda=10 for temporal stability. All features have clear economic rationale for cross-sectional valuation.	8	0.200407	0.638176	0.170188	0.500000	0.348744	0.1	worse
exp_20260316_184834_8c289d	2026-03-16T18:48:34.986747+00:00	pEPS	Ridge regression (lambda=10) on LOG-TRANSFORMED valuation multiples with growth features + FMP factors. Key innovation: regressing log(multiple) instead of raw multiple. Valuation multiples are right-skewed and the growth-multiple relationship is approximately multiplicative (not additive), so log-space regression naturally handles heteroscedasticity, reduces outlier influence, and stabilizes coefficients. This is consistent with standard finance theory where PE ≈ 1/(r-g) implies log(PE) is approximately linear in growth for moderate growth rates. For P/EPS: 6 features: (1) winsorized EPS growth% — linear growth premium, (2) positive growth indicator — discrete PE premium for growing firms, (3) absolute growth magnitude — captures symmetric magnitude/uncertainty effect, (4) log_market_cap — size effect (larger firms trade at lower PE), (5) roic — quality premium (high ROIC firms deserve higher multiples), (6) momentum_6m — price momentum drives multiple expansion/compression. For EV/Rev: 6 features using growth, gross margin, growth×margin, plus same 3 FMP factors. For EV/GP: 6 features using growth, positive indicator, log growth, plus same 3 FMP factors. FMP factors are z-scored cross-sectionally with NaN mean-imputed to 0 and winsorized at 1/99. Log target winsorized at 2/98. Growth winsorized at 3/97. Predictions exponentiated back to level space for evaluation. All features have clear economic rationale for cross-sectional valuation.	6	-686.265526	0.000000	-660.111173	0.500000	0.075000	0.1	worse
exp_20260316_184924_fe859d	2026-03-16T18:49:24.319276+00:00	pEPS	Huber-robust regression (epsilon=1.35, alpha=10) with growth features + FMP cross-sectional factors for valuation prediction. Huber loss naturally downweights outlier observations without discarding them, improving stability in heavy-tailed valuation distributions. For P/EPS: 6 features: (1) winsorized EPS growth% — linear growth premium on earnings, (2) positive growth indicator — discrete PE premium for growing vs declining earnings (market pays substantial premium simply for positive earnings trajectory), (3) absolute growth magnitude — captures symmetric magnitude/uncertainty effect, (4) log_market_cap — size effect (larger mature firms trade at lower PE due to lower growth expectations and maturity discount), (5) roic — quality premium (high ROIC firms deserve higher multiples due to superior capital allocation and competitive moats), (6) momentum_6m — price momentum drives multiple expansion/compression as sentiment and re-rating effects persist over medium horizons. For EV/Rev: 6 features using growth, gross margin, growth×margin interaction, plus log_market_cap, roic, momentum_6m. For EV/GP: 6 features using growth, positive indicator, log growth, plus same 3 FMP factors. FMP factors are z-scored cross-sectionally with NaN mean-imputed to 0 (population average) and clipped at ±3 to handle extreme z-scores. FMP factors properly aligned using valid_masks to index into per-ticker arrays before filtering with observation-level mask. PE observations pre-filtered to (0, 150). Target winsorized at 3/97 for PE; 2/98 for EV multiples. Growth winsorized at 3/97. All features have clear economic rationale for cross-sectional valuation.	6	-0.041024	0.355765	-0.052038	0.500000	0.163941	2.4	worse
exp_20260316_185011_06dc9f	2026-03-16T18:50:11.343783+00:00	pEPS	Ridge regression (lambda=10) with growth features + FMP cross-sectional factors for valuation prediction. For P/EPS: 6 features: (1) winsorized EPS growth% — linear growth premium on earnings, (2) positive growth indicator — discrete PE premium for growing vs declining earnings (market pays substantial premium simply for positive earnings trajectory), (3) absolute growth magnitude — captures symmetric magnitude/uncertainty effect, (4) log_market_cap — size effect (larger mature firms trade at lower PE due to lower growth expectations and maturity discount), (5) roic — quality premium (high ROIC firms deserve higher multiples due to superior capital allocation and competitive moats), (6) momentum_6m — price momentum drives multiple expansion/compression as sentiment and re-rating effects persist over medium horizons. For EV/Rev: 6 features using growth, gross margin, growth×margin interaction, plus log_market_cap, roic, momentum_6m. For EV/GP: 6 features using growth, positive indicator, log growth, plus same 3 FMP factors. FMP factors are z-scored cross-sectionally with NaN mean-imputed to 0 (population average) and clipped at ±3. FMP factors properly aligned using valid_masks to index into per-ticker arrays, then filtered with same observation-level mask as growth/target data. PE observations pre-filtered to (0, 150). Target winsorized at 3/97 for PE; 2/98 for EV multiples. Growth winsorized at 3/97. Ridge lambda=10 for temporal stability. All features have clear economic rationale for cross-sectional valuation.	6	0.200407	0.638176	0.180735	0.500000	0.350854	0.1	worse
exp_20260316_185057_d0b188	2026-03-16T18:50:57.169995+00:00	pEPS	Ridge regression (lambda=10) with growth features + FMP cross-sectional factors for valuation prediction. For P/EPS: 6 features: (1) winsorized EPS growth% — linear growth premium on earnings, (2) positive growth indicator — discrete PE premium for growing vs declining earnings (market pays substantial premium simply for positive earnings trajectory), (3) absolute growth magnitude — captures symmetric magnitude/uncertainty effect, (4) log_market_cap — size effect (larger mature firms trade at lower PE due to lower growth expectations and maturity discount), (5) roic — quality premium (high ROIC firms deserve higher multiples due to superior capital allocation and competitive moats), (6) momentum_6m — price momentum drives multiple expansion/compression as sentiment and re-rating effects persist over medium horizons. For EV/Rev: 6 features using growth, gross margin, growth×margin interaction, plus log_market_cap, roic, momentum_6m. For EV/GP: 6 features using growth, positive indicator, log growth, plus same 3 FMP factors. FMP factors are z-scored cross-sectionally with NaN mean-imputed to 0 (population average) and clipped at ±3. FMP factors properly aligned using valid_masks to index into per-ticker arrays, then filtered with same observation-level mask as growth/target data. PE observations pre-filtered to (0, 150). Target winsorized at 3/97 for PE; 2/98 for EV multiples. Growth winsorized at 3/97. Ridge lambda=10 for temporal stability. All features have clear economic rationale for cross-sectional valuation.	6	0.200407	0.638176	0.180735	0.500000	0.350854	0.1	worse
exp_20260316_185142_8b504c	2026-03-16T18:51:42.309714+00:00	pEPS	Ridge regression (lambda=15) with growth features + FMP cross-sectional factors for valuation prediction. Key improvement: FMP factors are NOT mean-imputed — observations missing FMP data are dropped entirely, giving cleaner signal at the cost of smaller sample size (~65% of universe). For P/EPS: 7 features: (1) winsorized EPS growth% — linear growth premium on earnings, (2) positive growth indicator — discrete PE premium for growing vs declining earnings, (3) absolute growth magnitude — captures symmetric magnitude/uncertainty effect, (4) log_market_cap — size effect (larger mature firms trade at lower PE), (5) roic — quality premium (high ROIC firms deserve higher multiples), (6) momentum_6m — price momentum drives multiple expansion/compression, (7) growth × size interaction — growth premium is steeper for larger firms (market trusts large-cap growth more, so the PEG relationship is steeper for mega-caps vs small-caps). For EV/Rev: 7 features using growth, gross margin, growth×margin, plus same 4 FMP features. For EV/GP: 7 features using growth, positive indicator, log growth, plus same 4 FMP features. FMP factors are z-scored cross-sectionally and clipped at ±3 to handle extremes. PE observations pre-filtered to (0, 150). Target winsorized at 3/97 for PE; 2/98 for EV multiples. Growth winsorized at 3/97. Ridge lambda=15 for temporal stability with more features. All features have clear economic rationale for cross-sectional valuation.	0	0.000000	0.000000	0.000000	0.500000	0.075000	0.0	worse
exp_20260316_185230_7910ef	2026-03-16T18:52:30.601949+00:00	pEPS	Ridge regression (lambda=10) with growth features + FMP cross-sectional factors for valuation prediction. Key change: FMP factors are NOT mean-imputed — observations missing any FMP factor are dropped entirely, giving cleaner signal at the cost of smaller sample size (~65% of universe has FMP coverage). For P/EPS: 6 features: (1) winsorized EPS growth% — linear growth premium on earnings, (2) positive growth indicator — discrete PE premium for growing vs declining earnings (market pays substantial premium simply for positive earnings trajectory), (3) absolute growth magnitude — captures symmetric magnitude/uncertainty effect, (4) log_market_cap — size effect (larger mature firms trade at lower PE due to lower growth expectations and maturity discount), (5) earnings_yield — captures valuation level anchoring and mean-reversion tendency (low earnings yield = expensive = high PE, provides cross-sectional anchor beyond growth), (6) momentum_6m — price momentum drives multiple expansion/compression as sentiment and re-rating effects persist over medium horizons. For EV/Rev: 6 features using growth, gross margin, growth×margin interaction, plus log_market_cap, rd_to_revenue (R&D-intensive firms trade at higher revenue multiples due to future growth optionality), momentum_6m. For EV/GP: 6 features using growth, positive indicator, log growth, plus log_market_cap, roic (quality premium), momentum_6m. FMP factors are z-scored cross-sectionally and clipped at ±3 to handle extremes. PE observations pre-filtered to (0, 150). Target winsorized at 3/97 for PE; 2/98 for EV multiples. Growth winsorized at 3/97. Ridge lambda=10 for temporal stability. All features have clear economic rationale for cross-sectional valuation.	0	0.000000	0.000000	0.000000	0.500000	0.075000	0.0	worse
exp_20260316_185320_405718	2026-03-16T18:53:20.847896+00:00	pEPS	Ridge regression (lambda=10) with growth features + FMP cross-sectional factors for valuation prediction. Key fix: FMP factors accessed via dataset.valid_masks to properly align with get_baseline_points output, then observations missing any FMP factor are dropped (not imputed) for cleaner signal. Falls back to growth-only features if FMP coverage is too low (<10 obs). For P/EPS: 6 features: (1) winsorized EPS growth% — linear growth premium on earnings, (2) positive growth indicator — discrete PE premium for growing vs declining earnings (market pays substantial premium simply for positive earnings trajectory), (3) absolute growth magnitude — captures symmetric magnitude/uncertainty effect, (4) log_market_cap — size effect (larger mature firms trade at lower PE due to lower growth expectations and maturity discount), (5) roic — quality premium (high ROIC firms deserve higher multiples due to superior capital allocation and competitive moats), (6) momentum_6m — price momentum drives multiple expansion/compression as sentiment and re-rating effects persist over medium horizons. For EV/Rev: 6 features using growth, gross margin, growth×margin interaction, plus log_market_cap, roic, momentum_6m. For EV/GP: 6 features using growth, positive indicator, log growth, plus same 3 FMP factors. FMP factors are z-scored cross-sectionally and clipped at ±3. PE observations pre-filtered to (0, 150). Target winsorized at 3/97 for PE; 2/98 for EV multiples. Growth winsorized at 3/97. Ridge lambda=10 for temporal stability. All features have clear economic rationale for cross-sectional valuation.	3	0.200407	0.638176	0.196059	0.500000	0.353919	0.1	worse
exp_20260316_185418_e9634d	2026-03-16T18:54:18.112844+00:00	pEPS	Ridge regression (lambda=10) with growth features + FMP cross-sectional factors for valuation prediction. Key fix: FMP factors accessed via dataset.valid_masks to properly align with get_baseline_points output — the valid_mask boolean array indexes into the per-ticker FMP arrays to get values for valid tickers at each date. Observations missing any FMP factor are dropped (not imputed) for cleaner signal. Falls back to growth-only features if FMP coverage is too low (<10 obs). For P/EPS: 6 features: (1) winsorized EPS growth% — linear growth premium on earnings, (2) positive growth indicator — discrete PE premium for growing vs declining earnings (market pays substantial premium simply for positive earnings trajectory), (3) absolute growth magnitude — captures symmetric magnitude/uncertainty effect, (4) log_market_cap — size effect (larger mature firms trade at lower PE due to lower growth expectations and maturity discount), (5) roic — quality premium (high ROIC firms deserve higher multiples due to superior capital allocation and competitive moats), (6) momentum_6m — price momentum drives multiple expansion/compression as sentiment and re-rating effects persist over medium horizons. For EV/Rev: 6 features using growth, gross margin, growth×margin interaction, plus log_market_cap, roic, momentum_6m. For EV/GP: 6 features using growth, positive indicator, log growth, plus same 3 FMP factors. FMP factors are z-scored cross-sectionally and clipped at ±3 to handle extremes. PE observations pre-filtered to (0, 150). Target winsorized at 3/97 for PE; 2/98 for EV multiples. Growth winsorized at 3/97. Ridge lambda=10 for temporal stability. All features have clear economic rationale for cross-sectional valuation.	3	0.200407	0.638176	0.196059	0.500000	0.353919	0.0	worse
exp_20260316_185504_6ba994	2026-03-16T18:55:04.624323+00:00	pEPS	Ridge regression (lambda=10) with growth features + FMP cross-sectional factors for valuation prediction. FMP factors are mean-imputed to 0 (population average since they are z-scored) to preserve full sample size. For P/EPS: 6 features: (1) winsorized EPS growth% — linear growth premium on earnings, (2) positive growth indicator — discrete PE premium for growing vs declining earnings (market pays substantial premium simply for positive earnings trajectory), (3) absolute growth magnitude — captures symmetric magnitude/uncertainty effect, (4) log_market_cap — size effect (larger mature firms trade at lower PE due to lower growth expectations and maturity discount), (5) roic — quality premium (high ROIC firms deserve higher multiples due to superior capital allocation and competitive moats), (6) momentum_6m — price momentum drives multiple expansion/compression as sentiment and re-rating effects persist over medium horizons. For EV/Rev: 6 features using growth, gross margin, growth×margin interaction, plus log_market_cap, roic, momentum_6m. For EV/GP: 6 features using growth, positive indicator, log growth, plus same 3 FMP factors. FMP factors are z-scored cross-sectionally with NaN mean-imputed to 0 (population average) and clipped at ±3 to handle extreme z-scores. FMP factors aligned using valid_masks to index into per-ticker arrays. PE observations pre-filtered to (0, 150). Target winsorized at 3/97 for PE; 2/98 for EV multiples. Growth winsorized at 3/97. Ridge lambda=10 for temporal stability. All features have clear economic rationale for cross-sectional valuation.	6	0.200407	0.638176	0.180735	0.500000	0.350854	0.0	worse
exp_20260316_185550_5ecfac	2026-03-16T18:55:50.040299+00:00	pEPS	Huber-robust regression (epsilon=1.35, alpha=1.0) with growth features + FMP cross-sectional factors for valuation prediction. Huber loss downweights outlier observations naturally, improving stability in heavy-tailed valuation distributions. For P/EPS: 6 features: (1) winsorized EPS growth% — linear growth premium on earnings, (2) positive growth indicator — discrete PE premium for growing vs declining earnings (market pays substantial premium simply for positive earnings trajectory), (3) absolute growth magnitude — captures symmetric magnitude/uncertainty effect, (4) log_market_cap — size effect (larger mature firms trade at lower PE due to lower growth expectations and maturity discount), (5) roic — quality premium (high ROIC firms deserve higher multiples due to superior capital allocation and competitive moats), (6) momentum_6m — price momentum drives multiple expansion/compression as sentiment and re-rating effects persist over medium horizons. For EV/Rev: 6 features using growth, gross margin, growth×margin interaction, plus log_market_cap, roic, momentum_6m. For EV/GP: 6 features using growth, positive indicator, log growth, plus same 3 FMP factors. FMP factors are z-scored cross-sectionally with NaN mean-imputed to 0 (population average) and clipped at ±3 to handle extreme z-scores. FMP factors aligned using valid_masks to index into per-ticker arrays before filtering with observation-level mask. PE observations pre-filtered to (0, 150). Target winsorized at 3/97 for PE; 2/98 for EV multiples. Growth winsorized at 3/97. All features have clear economic rationale for cross-sectional valuation.	6	0.000460	0.460712	0.009893	0.500000	0.192341	0.1	worse
exp_20260316_185638_e3a008	2026-03-16T18:56:38.153201+00:00	pEPS	Ridge regression (lambda=10) with growth features + FMP cross-sectional factors for valuation prediction. For P/EPS: 6 features: (1) winsorized EPS growth% — linear growth premium on earnings, (2) positive growth indicator — discrete PE premium for growing vs declining earnings (market pays substantial premium simply for positive earnings trajectory), (3) absolute growth magnitude — captures symmetric magnitude/uncertainty effect, (4) log_market_cap — size effect (larger mature firms trade at lower PE due to lower growth expectations and maturity discount), (5) roic — quality premium (high ROIC firms deserve higher multiples due to superior capital allocation and competitive moats), (6) momentum_6m — price momentum drives multiple expansion/compression as sentiment and re-rating effects persist over medium horizons. For EV/Rev: 6 features using growth, gross margin, growth×margin interaction, plus log_market_cap, roic, momentum_6m. For EV/GP: 6 features using growth, positive indicator, log growth, plus same 3 FMP factors. FMP factors are z-scored cross-sectionally with NaN mean-imputed to 0 (population average) and clipped at ±3. FMP factors properly aligned using valid_masks to index into per-ticker arrays, then filtered with same observation-level mask as growth/target data. PE observations pre-filtered to (0, 150). Target winsorized at 3/97 for PE; 2/98 for EV multiples. Growth winsorized at 3/97. Ridge lambda=10 for temporal stability. All features have clear economic rationale for cross-sectional valuation.	6	0.200407	0.638176	0.180735	0.500000	0.350854	0.0	worse
